<?xml version="1.0" encoding="UTF-8"?>
<?xml-stylesheet type="text/css" href="students.css"?>
<students>
    <student>
        <id>101</id>
        <name>John Doe</name>
        <age>20</age>
        <department>Computer Science</department>
        <email>johndoe@example.com</email>
    </student>
    <student>
        <id>102</id>
        <name>Jane Smith</name>
        <age>21</age>
        <department>Information Technology</department>
        <email>janesmith@example.com</email>
    </student>
</students>
